{
  "project_info": {
    "project_number": "518715937956",
    "firebase_url": "https://myapplication-2d788-default-rtdb.firebaseio.com",
    "project_id": "myapplication-2d788",
    "storage_bucket": "myapplication-2d788.firebasestorage.app"
  },
  "client": [
    {
      "client_info": {
        "mobilesdk_app_id": "1:518715937956:android:4b5ccdd70bdee1dd478231",
        "android_client_info": {
          "package_name": "com.example.myapplication"
        }
      },
      "oauth_client": [],
      "api_key": [
        {
          "current_key": "AIzaSyCvIdQo6hGkkotL7Skx-XLya93iNR9wbbc"
        }
      ],
      "services": {
        "appinvite_service": {
          "other_platform_oauth_client": []
        }
      }
    }
  ],
  "configuration_version": "1"
}